Year/Week,Year,Week,Mt. Baw Baw Visits,Mt. Baw Baw Maximum temperature (Degree C),Mt. Baw Baw Minimum temperature (Degree C),Mt. Baw Baw Rainfall amount (millimetres),Mt. Stirling Visits,Mt. Stirling Maximum temperature (Degree C),Mt. Stirling Minimum temperature (Degree C),Mt. Stirling Rainfall amount (millimetres),Mt. Hotham Visits,Mt. Hotham Maximum temperature (Degree C),Mt. Hotham Minimum temperature (Degree C),Mt. Hotham Rainfall amount (millimetres),Falls Creek Visits,Falls Creek Maximum temperature (Degree C),Falls Creek Minimum temperature (Degree C),Falls Creek Rainfall amount (millimetres),Mt. Buller Visits,Mt. Buller Maximum temperature (Degree C),Mt. Buller Minimum temperature (Degree C),Mt. Buller Rainfall amount (millimetres),Selwyn Visits,Selwyn Maximum temperature (Degree C),Selwyn Minimum temperature (Degree C),Selwyn Rainfall amount (millimetres),Thredbo Visits,Thredbo Maximum temperature (Degree C),Thredbo Minimum temperature (Degree C),Thredbo Rainfall amount (millimetres),Perisher Visits,Perisher Maximum temperature (Degree C),Perisher Minimum temperature (Degree C),Perisher Rainfall amount (millimetres),Charlotte Pass Visits,Charlotte Maximum temperature (Degree C),Charlotte Minimum temperature (Degree C),Charlotte Rainfall amount (millimetres),Average Pass Visits,Average Maximum temperature (Degree C),Average Minimum temperature (Degree C),Average Rainfall amount (millimetres)
2014/1,2014,1,555,4.957142857,1.1,3.485714286,60,4.271428571,-0.014285714,2.028571429,3483,3.457142857,-1.142857143,6,2790,4.6,-0.3,3.4,8296,4.271428571,-0.014285714,2.028571429,1041,6.828571429,1.571428571,4.171428571,5535,4.714285714,-2,5.8,7370,6.328571429,-1.585714286,8.857142857,408,5.521428571,-1.792857143,7.328571429,3282,4.994444444,-0.464285714,4.788888889
2014/2,2014,2,804,5.485714286,0.814285714,3,42,5.257142857,-0.342857143,6.8,1253,3,-1.257142857,1.857142857,1425,4.414285714,-0.285714286,1.085714286,1987,5.257142857,-0.342857143,6.8,383,6.714285714,1.528571429,2.057142857,2090,2.657142857,-1.685714286,1.142857143,2751,5.257142857,-1.857142857,1.971428571,151,3.957142857,-1.771428571,1.557142857,1209.555556,4.666666667,-0.577777778,2.919047619
2014/3,2014,3,993,1.042857143,-1.814285714,10.91428571,30,0.385714286,-2.514285714,19.08571429,2992,-0.9,-3.285714286,2.971428571,2101,0.1,-2.828571429,9.942857143,2413,0.385714286,-2.514285714,19.08571429,597,1.671428571,-0.857142857,15.57142857,3216,-1.028571429,-4.114285714,0.6,4255,0.885714286,-2.457142857,31.51428571,230,-0.071428571,-3.285714286,16.05714286,1869.666667,0.274603175,-2.63015873,13.97142857
2014/4,2014,4,2976,2.528571429,-0.957142857,11.71428571,165,0.957142857,-1.857142857,11.42857143,9680,-0.985714286,-3.471428571,0.085714286,9544,1.385714286,-2.685714286,3.457142857,18831,0.957142857,-1.857142857,11.42857143,2877,3.142857143,-0.757142857,8.6,15497,-1.314285714,-4.357142857,0.057142857,20265,2.942857143,-2.457142857,7.685714286,1134,0.814285714,-3.407142857,3.871428571,8996.555556,1.158730159,-2.423015873,6.480952381
2014/5,2014,5,11112,0.685714286,-2.257142857,11.8,645,-0.285714286,-3.4,10.2,29628,-1.842857143,-4,0.457142857,26211,-0.728571429,-3.757142857,1.942857143,49217,-0.285714286,-3.4,10.2,8588,1.271428571,-2.257142857,6.314285714,46546,-1.685714286,-5.185714286,0.428571429,61339,1.185714286,-3.757142857,5.571428571,3403,-0.25,-4.471428571,3,26298.77778,-0.215079365,-3.60952381,5.546031746
2014/6,2014,6,13381,1.014285714,-2.428571429,8.228571429,1316,-1,-3.585714286,5.314285714,36665,-1.957142857,-4.442857143,0.085714286,33392,0.285714286,-3.957142857,8.971428571,59693,-1,-3.585714286,5.314285714,10682,2.785714286,-1.614285714,4.4,58668,-1.871428571,-5.414285714,0.514285714,76855,1.785714286,-4.357142857,7.342857143,4305,-0.042857143,-4.885714286,3.928571429,32773,-1.12256E-15,-3.807936508,4.9
2014/7,2014,7,8832,3.785714286,0.014285714,1.2,684,2.371428571,-1.514285714,3.771428571,26465,0.128571429,-3.242857143,6.771428571,28149,3.1,-0.885714286,1.228571429,45788,2.371428571,-1.514285714,3.771428571,8180,5.528571429,0.885714286,0.714285714,44109,1.257142857,-4.5,0.485714286,57593,5.085714286,-4.357142857,0.714285714,3236,3.171428571,-4.428571429,0.6,24781.77778,2.977777778,-2.171428571,2.13968254
2014/8,2014,8,9347,1.7,-2.171428571,8,1250,0.442857143,-2.985714286,14.42857143,21679,-0.942857143,-3.957142857,12.45714286,24565,0.185714286,-3.328571429,4.828571429,41720,0.442857143,-2.985714286,14.42857143,7267,3.371428571,-1.028571429,2.114285714,39654,-0.828571429,-4.371428571,4,52426,1.771428571,-3.657142857,8.314285714,2901,0.471428571,-4.014285714,6.157142857,22312.11111,0.734920635,-3.166666667,8.303174603
2014/9,2014,9,10071,2.114285714,-2.014285714,1.657142857,1280,1.157142857,-3.514285714,0.942857143,31019,0.7,-3.757142857,0.428571429,28981,2.371428571,-2.571428571,0.285714286,48984,1.157142857,-3.514285714,0.942857143,8708,4.714285714,-0.842857143,0,46875,2.2,-4.628571429,0,62654,5.2,-5.542857143,0.371428571,3391,3.7,-5.085714286,0.185714286,26884.77778,2.59047619,-3.496825397,0.534920635
2014/10,2014,10,11071,3.542857143,-2.114285714,3.314285714,1653,3.714285714,-3.871428571,0.714285714,30360,1.657142857,-5.485714286,0.685714286,33125,3.4,-4.542857143,0,47315,3.714285714,-3.871428571,0.714285714,9133,5.842857143,-2.285714286,0.285714286,48777,1.514285714,-7.042857143,0.085714286,64928,4.042857143,-7.957142857,1.542857143,3549,2.778571429,-7.5,0.814285714,27767.88889,3.356349206,-4.963492063,0.906349206
2014/11,2014,11,10079,5.285714286,-0.057142857,3.142857143,902,4.314285714,-0.328571429,0.057142857,35923,2.7,-1.271428571,3.142857143,36486,4.428571429,-0.485714286,3.485714286,43314,4.314285714,-0.328571429,0.057142857,8968,8.614285714,1.1,0.857142857,49003,2.371428571,-4.257142857,2.771428571,64834,5.628571429,-3.257142857,9.771428571,3608,4,-3.757142857,6.271428571,28124.11111,4.628571429,-1.404761905,3.284126984
2014/12,2014,12,7635,8.257142857,1.828571429,0.971428571,847,7.085714286,1.171428571,0.085714286,32657,5.485714286,-0.457142857,1.342857143,34468,7.028571429,0.071428571,1.285714286,41063,7.085714286,1.171428571,0.085714286,8404,9.057142857,0.957142857,0.171428571,44164,3.957142857,-2.957142857,2.142857143,59121,6.528571429,-3.685714286,4.628571429,3258,5.242857143,-3.321428571,3.385714286,25735.22222,6.636507937,-0.58015873,1.566666667
2014/13,2014,13,4681,5.814285714,-0.314285714,5.8,522,4.414285714,-1.7,4.257142857,28855,1.457142857,-3.471428571,0.885714286,30104,3.528571429,-2.1,3.628571429,41063,4.414285714,-1.7,4.257142857,6975,8.4,-0.314285714,0.914285714,38470,0.814285714,-5.457142857,1.342857143,50737,4.7,-4.3,5.028571429,2837,2.757142857,-4.878571429,3.185714286,22693.77778,4.033333333,-2.692857143,3.255555556
2014/14,2014,14,1904,5.671428571,1.014285714,4.914285714,267,5.271428571,0.271428571,4.8,18708,4.185714286,-0.957142857,12.91428571,23864,5.7,-0.2,6.4,26222,5.271428571,0.271428571,4.8,4628,8.885714286,2.271428571,3.6,25734,3.957142857,-1.4,6.971428571,33833,6.885714286,-0.642857143,7,1898,5.421428571,-1.021428571,6.985714286,15228.66667,5.694444444,-0.043650794,6.487301587
2014/15,2014,15,0,4.728571429,-0.642857143,7.4,66,4.842857143,-1.514285714,2.971428571,11117,3.542857143,-2.742857143,1.857142857,15869,5.771428571,-1.871428571,0.428571429,11881,4.842857143,-1.514285714,2.971428571,2566,8.442857143,1.114285714,1.371428571,13890,2.628571429,-2.8,1.114285714,18381,6.057142857,-2.214285714,2.742857143,995,4.342857143,-2.507142857,1.928571429,8307.222222,5.022222222,-1.632539683,2.531746032
2015/1,2015,1,3185,6.271428571,-3.17207E-17,2.914285714,39,6.5,0.185714286,2.542857143,4997,7.228571429,0.271428571,2.857142857,4799,7.228571429,0.157142857,0.028571429,15612,6.5,0.185714286,2.542857143,2238,9.028571429,2.171428571,0.257142857,12039,7.528571429,-2.128571429,0.857142857,15906,9.885714286,-3.571428571,0.228571429,892,8.707142857,-2.85,0.542857143,6634.111111,7.653174603,-0.61984127,1.419047619
2015/2,2015,2,2058,2.885714286,-0.957142857,3.628571429,63,2.8,-1.928571429,1.142857143,1797,8.9,3,2.057142857,3293,2.157142857,-2.028571429,4.028571429,6592,2.8,-1.928571429,1.142857143,1001,5.5,0.7,3.542857143,5540,2.157142857,-2.971428571,7.571428571,7363,3.814285714,-2.271428571,12.45714286,405,2.985714286,-2.621428571,10.01428571,3123.555556,3.777777778,-1.223015873,5.065079365
2015/3,2015,3,1745,6.242857143,-0.071428571,0.114285714,51,6.414285714,-0.557142857,0.085714286,3605,8.9,3,2.314285714,5965,7,-0.442857143,1.028571429,6648,6.414285714,-0.557142857,0.085714286,1331,8.257142857,2.228571429,0.485714286,7069,6.7,-0.957142857,0.2,9360,9.014285714,-3.285714286,0,501,7.857142857,-2.121428571,0.1,4030.555556,7.422222222,-0.307142857,0.49047619
2015/4,2015,4,2751,1.028571429,-2.014285714,3.028571429,27,-0.085714286,-3.885714286,1.685714286,13197,8.9,3,0.771428571,11758,1.371428571,-3.914285714,0.457142857,18766,-0.085714286,-3.885714286,1.685714286,3211,2.785714286,-3.357142857,1.028571429,17634,2.242857143,-5,0,23296,4.642857143,-6.728571429,0.971428571,1303,3.442857143,-5.864285714,0.485714286,10215.88889,2.693650794,-3.516666667,1.123809524
2015/5,2015,5,6748,1.585714286,-1.514285714,14.02857143,69,0.628571429,-3.014285714,6.542857143,22318,0.757142857,-1.1,0,20779,0.542857143,-2.971428571,9.457142857,38879,0.628571429,-3.014285714,6.542857143,6658,3.528571429,-1.528571429,6.628571429,35918,0.271428571,-5.042857143,0.228571429,47607,2.642857143,-4.5,7.914285714,2645,1.457142857,-4.771428571,4.071428571,20180.11111,1.338095238,-3.050793651,6.157142857
2015/6,2015,6,8269,0.285714286,-3.671428571,12,240,-1.142857143,-5.2,3.685714286,27894,-2.728571429,-5.871428571,0,24064,-1.271428571,-5.5,0.828571429,45629,-1.142857143,-5.2,3.685714286,8112,1.857142857,-2.357142857,3.8,43234,-1.871428571,-7.671428571,1.228571429,57282,0.771428571,-6.2,4.8,3211,-0.55,-6.935714286,3.014285714,24215,-0.643650794,-5.400793651,3.671428571
2015/7,2015,7,8219,0.971428571,-1.714285714,3.428571429,714,0.228571429,-2.471428571,8.114285714,22620,-0.728571429,-3.257142857,6.571428571,27566,0.2,-2.342857143,5.485714286,38873,0.228571429,-2.471428571,8.114285714,7373,2.357142857,-0.071428571,8.4,40967,-0.8,-3.928571429,0.514285714,54202,1.257142857,-2.728571429,14.65714286,2996,0.228571429,-3.328571429,7.585714286,22614.44444,0.438095238,-2.479365079,6.985714286
2015/8,2015,8,8600,-0.028571429,-3.442857143,7.714285714,558,-0.014285714,-4.328571429,9.714285714,17562,-1.3,-4.157142857,0,25955,-0.4,-3.614285714,2.857142857,36714,-0.014285714,-4.328571429,9.714285714,6601,3.2,-1,10,36200,-0.414285714,-4.371428571,3.142857143,48170,1.814285714,-3.3,12.94285714,2661,0.7,-3.835714286,8.042857143,20335.66667,0.393650794,-3.597619048,7.125396825
2015/9,2015,9,8932,0.871428571,-3.185714286,11.57142857,1218,-0.628571429,-4.628571429,3.657142857,27850,-2.1,-5.742857143,0.114285714,31872,-0.285714286,-5.114285714,0.4,38171,-0.628571429,-4.628571429,3.657142857,7983,1.471428571,-3.071428571,0.428571429,43268,-2.014285714,-6.842857143,0.4,57548,1.028571429,-7.028571429,2.971428571,3148,-0.492857143,-6.935714286,1.685714286,24443.33333,-0.308730159,-5.242063492,2.765079365
2015/10,2015,10,10429,1.314285714,-1.871428571,2.857142857,1371,0.257142857,-2.228571429,4.085714286,31159,-1.085714286,-2.985714286,3.514285714,35417,0.942857143,-2.9,0.914285714,41782,0.257142857,-2.228571429,4.085714286,9023,2.857142857,-0.885714286,1.371428571,48525,0.285714286,-4.742857143,0.228571429,64346,3.271428571,-3.085714286,1.542857143,3473,1.778571429,-3.914285714,0.885714286,27280.55556,1.097619048,-2.76031746,2.165079365
2015/11,2015,11,10927,4.157142857,-0.642857143,3.8,1146,3.142857143,-1.857142857,0.4,35122,1.385714286,-3.857142857,3.2,37063,3.357142857,-2.1,0.314285714,44060,3.142857143,-1.857142857,0.4,9492,7.057142857,0.642857143,3.942857143,51900,2.142857143,-3.228571429,2.685714286,68527,5.585714286,-2.914285714,3.314285714,3719,3.864285714,-3.071428571,3,29106.22222,3.75952381,-2.098412698,2.33968254
2015/12,2015,12,9027,1.371428571,-2.7,12.85714286,744,2.128571429,-2.828571429,3.514285714,30754,1.628571429,-3.685714286,2.771428571,36903,2.028571429,-3.514285714,6.057142857,38823,2.128571429,-2.828571429,3.514285714,8436,5.028571429,-0.428571429,5.6,46015,0.185714286,-3.985714286,4.114285714,60788,3.1,-2.571428571,13.25714286,3358,1.642857143,-3.278571429,8.685714286,26094.22222,2.138095238,-2.869047619,6.707936508
2015/13,2015,13,6236,3.7,-1.557142857,1.171428571,618,3.485714286,-1.314285714,1.8,25367,4.7,-2.028571429,0.657142857,33126,3.242857143,-1.7,1.571428571,38042,3.485714286,-1.314285714,1.8,7256,6.971428571,-0.128571429,3.228571429,39850,1.057142857,-3.985714286,1.571428571,52337,4.914285714,-3.628571429,5.085714286,2909,2.985714286,-3.807142857,3.328571429,22860.11111,3.838095238,-2.162698413,2.246031746
2015/14,2015,14,4387,8.785714286,1.471428571,3.657142857,429,7.185714286,0.257142857,2,30754,4.8,-1.9,1.4,28099,7.5,-0.028571429,0.314285714,23919,7.185714286,0.257142857,2,6011,10.88571429,2.2,2.228571429,33284,5.7,-2.314285714,0.171428571,43826,8.442857143,-1.414285714,0.828571429,2403,7.071428571,-1.864285714,0.5,19234.66667,7.506349206,-0.370634921,1.455555556
2015/15,2015,15,2247,5.2,0.157142857,3.514285714,249,6.514285714,-0.285714286,1.771428571,12005,4.8,-1.9,1.657142857,18548,5.928571429,0.085714286,0.857142857,21892,6.514285714,-0.285714286,1.771428571,3722,9.285714286,1.871428571,0.485714286,20568,4.471428571,-2.1,1.571428571,27009,6.785714286,-1.7,1.514285714,1492,5.628571429,-1.9,1.542857143,11970.22222,6.125396825,-0.673015873,1.631746032
2016/1,2016,1,1154,5.271428571,-0.328571429,6.342857143,39,5.4,-0.857142857,13.28571429,4590,4.214285714,-1.271428571,11.17142857,3840,5.228571429,-1.742857143,6.514285714,8368,5.4,-0.857142857,13.28571429,1329,6.357142857,0.828571429,8.714285714,7167,3.742857143,-1.442857143,8.228571429,9419,5.7,-2.828571429,13.88571429,531,4.721428571,-2.135714286,11.05714286,4048.555556,5.115079365,-1.181746032,10.27619048
2016/2,2016,2,1298,4.471428571,2,10.2,36,3.414285714,0.3,14.25714286,1860,2.171428571,-0.428571429,6.971428571,2176,2.985714286,0.085714286,9.685714286,5298,3.414285714,0.3,14.25714286,764,5.742857143,2.442857143,12.22857143,4083,2.685714286,-0.5,8.257142857,5380,4.142857143,0.971428571,18.2,301,3.414285714,0.235714286,13.22857143,2355.111111,3.604761905,0.600793651,11.92063492
2016/3,2016,3,2306,-0.271428571,-3.128571429,4.2,186,-1.071428571,-4.242857143,7.942857143,8368,-2.128571429,-5.685714286,0.142857143,10297,-0.914285714,-4.671428571,3.342857143,17606,-1.071428571,-4.242857143,7.942857143,2903,1.442857143,-2.7,4.885714286,15501,-2.614285714,-5.985714286,0.2,20567,1.314285714,-5.6,8.771428571,1096,-0.65,-5.792857143,4.485714286,8758.888889,-0.662698413,-4.672222222,4.657142857
2016/4,2016,4,8796,1.557142857,-1.242857143,10.05714286,480,0,-2.014285714,5.685714286,17433,-0.671428571,-3.028571429,0.028571429,23077,0.342857143,-2.728571429,3.314285714,37586,0,-2.014285714,5.685714286,6868,2.757142857,-1.528571429,2.942857143,36917,1.514285714,-3.814285714,0.485714286,49193,3.985714286,-2.442857143,4.942857143,2705,2.75,-3.128571429,2.714285714,20339.44444,1.35952381,-2.438095238,3.984126984
2016/5,2016,5,7976,1.885714286,-0.571428571,9.742857143,711,0.657142857,-1.114285714,5.714285714,21302,-0.271428571,-2.157142857,0.628571429,33309,0.828571429,-1.471428571,8.485714286,56664,0.657142857,-1.114285714,5.714285714,9151,3.171428571,0.228571429,4.628571429,48170,-0.414285714,-2.885714286,6.314285714,64386,1.714285714,-1.4,15.62857143,3570,0.65,-2.142857143,10.97142857,27248.77778,0.986507937,-1.403174603,7.536507937
2016/6,2016,6,6614,4.9,-0.485714286,1.542857143,840,5.2,-1.185714286,3.885714286,25173,2.3,-2.6,4.285714286,38818,5.014285714,-1.028571429,0.914285714,44445,5.2,-1.185714286,3.885714286,8336,7.685714286,0.8,2.457142857,45940,4.414285714,-2.514285714,1.942857143,61295,4.8,-1.942857143,3.685714286,3316,4.607142857,-2.228571429,2.814285714,26086.33333,4.902380952,-1.374603175,2.823809524
2016/7,2016,7,5267,1.428571429,-2.414285714,9.171428571,694,0.928571429,-2.842857143,17.65714286,20774,-0.214285714,-3.514285714,16.34285714,30873,0.528571429,-2.785714286,13.02857143,37928,0.928571429,-2.842857143,17.65714286,6817,2.4,-1,8,37172,-0.057142857,-4.128571429,13.65714286,48984,1.528571429,-2.857142857,34.82857143,2689,0.735714286,-3.492857143,24.24285714,21244.22222,0.911904762,-2.875396825,17.17619048
2016/8,2016,8,6394,1.828571429,-1.214285714,8.4,1326,0.328571429,-2.228571429,13.2,19557,-0.442857143,-1.628571429,0.485714286,36692,3.17207E-17,-2.671428571,4.2,39125,0.328571429,-2.228571429,13.2,7706,2.242857143,-1.114285714,4.342857143,41911,-0.114285714,-3.971428571,1.142857143,55233,2.128571429,-3.042857143,4.314285714,3038,1.007142857,-3.507142857,2.728571429,23442.44444,0.811904762,-2.400793651,5.779365079
2016/9,2016,9,6676,1.971428571,-1.985714286,1.314285714,1122,1.557142857,-2.928571429,2.971428571,27232,-0.1,-0.5,3.2,40090,0.828571429,-3.128571429,2.257142857,46055,1.557142857,-2.928571429,2.971428571,8763,4.857142857,-0.3,1.2,47536,1.014285714,-6.057142857,2.942857143,63067,3.242857143,-4.6,4.457142857,3384,2.128571429,-5.328571429,3.7,27102.77778,1.895238095,-3.084126984,2.779365079
2016/10,2016,10,5593,4,-0.685714286,1.257142857,1149,2.471428571,-1.857142857,4.057142857,28044,0.728571429,-0.5,0.485714286,43213,2.185714286,-2.085714286,0.8,44706,2.471428571,-1.857142857,4.057142857,8848,5.871428571,-0.014285714,0.342857143,47996,2.071428571,-3.371428571,0.485714286,62748,4.771428571,-2.714285714,1.057142857,3549,3.421428571,-3.042857143,0.771428571,27316.22222,3.11031746,-1.792063492,1.479365079
2016/11,2016,11,3979,2.828571429,-1.128571429,5.057142857,708,1.728571429,-1.885714286,19.11428571,31774,0.342857143,-2.928571429,3.342857143,43213,1.042857143,-2.157142857,4.485714286,38065,1.728571429,-1.885714286,19.11428571,8235,4.371428571,0.028571429,5.457142857,43729,0.228571429,-3.357142857,2.742857143,57827,3,-2.057142857,7.4,3259,1.614285714,-2.707142857,5.071428571,25643.22222,1.876190476,-2.008730159,7.976190476
2016/12,2016,12,3909,3.2,-0.914285714,3.885714286,735,1.885714286,-2.671428571,5,28211,0.7,-4.028571429,10.4,43275,2.2,-2.857142857,7.542857143,34449,1.885714286,-2.671428571,5,7678,5.9,-0.085714286,4.228571429,41768,0.728571429,-4.5,13,54481,4.442857143,-4,7.314285714,2951,2.585714286,-4.25,10.15714286,24161.88889,2.614285714,-2.886507937,7.392063492
2016/13,2016,13,1373,7.742857143,1.371428571,5.885714286,198,6.514285714,1,2.257142857,20295,4.657142857,-0.485714286,3.685714286,33724,6.7,0.828571429,7.285714286,21929,6.514285714,1,2.257142857,5307,10.22857143,3.114285714,7.571428571,28580,5.057142857,-1.342857143,4.714285714,37561,8.4,-0.5,11.51428571,2070,6.728571429,-0.921428571,8.114285714,16781.88889,6.949206349,0.451587302,5.920634921
2016/14,2016,14,0,5.585714286,2.114285714,5.257142857,102,4.642857143,1.114285714,11.22857143,14224,4.028571429,0.814285714,8.342857143,24144,5.614285714,1.685714286,3.428571429,13075,4.642857143,1.114285714,11.22857143,3453,7.871428571,3.314285714,13.74285714,18938,4.671428571,-0.142857143,9.371428571,24737,7.771428571,0.785714286,7.714285714,1385,6.221428571,0.321428571,8.542857143,11117.55556,5.672222222,1.235714286,8.761904762
2016/15,2016,15,0,4.557142857,-0.457142857,4.457142857,87,3,-2.071428571,7.057142857,10134,1.7,-2.785714286,4.171428571,19696,2.6,-2.014285714,1.142857143,7411,3,-2.071428571,7.057142857,2599,6.057142857,0.685714286,6.228571429,13868,1.971428571,-2.814285714,5.457142857,18080,4.685714286,-1.071428571,13.74285714,979,3.328571429,-1.942857143,9.6,8094.888889,3.433333333,-1.615873016,6.546031746
2017/1,2017,1,3569,6.814285714,1.485714286,0.771428571,96,7.014285714,0.428571429,0,6288,6.385714286,-0.357142857,0.257142857,5663,7.257142857,0.242857143,0,18142,7.014285714,0.428571429,0,2569,8.828571429,2.585714286,0,14174,5.342857143,-1.3,0.2,18739,9.428571429,-2.571428571,0.114285714,1030,7.385714286,-1.935714286,0.157142857,7807.777778,7.274603175,-0.11031746,0.166666667
2017/2,2017,2,798,5.828571429,0.242857143,0.6,33,6.342857143,0.7,0,2644,5.614285714,0.342857143,0,3577,6.9,1.071428571,0,9023,6.342857143,0.7,0,1236,9.214285714,2.928571429,0,6636,6.557142857,-1.385714286,0,8792,9.885714286,-4.228571429,0,478,8.221428571,-2.807142857,0,3690.777778,7.211904762,-0.270634921,0.066666667
2017/3,2017,3,846,0.142857143,-2.471428571,2.028571429,72,-0.528571429,-3.242857143,1.485714286,5756,-1.1,-3.928571429,2.457142857,7935,0.128571429,-3.414285714,0.028571429,13836,-0.528571429,-3.242857143,1.485714286,2180,3.214285714,-0.785714286,0.2,11543,-0.257142857,-4.728571429,0.028571429,15236,2.857142857,-4.9,0.228571429,842,1.3,-4.814285714,0.128571429,6471.777778,0.580952381,-3.503174603,0.896825397
2017/4,2017,4,3486,1.8,-2.771428571,6.114285714,132,1.228571429,-2.985714286,11.31428571,17281,0.885714286,-3.557142857,2.914285714,16182,2.071428571,-2.885714286,5.914285714,26972,1.228571429,-2.985714286,11.31428571,4933,3.985714286,-1.085714286,9.714285714,26374,0.542857143,-4.928571429,3.114285714,34802,2.814285714,-4.914285714,7.085714286,1923,1.678571429,-4.921428571,5.1,14676.11111,1.803968254,-3.448412698,6.953968254
2017/5,2017,5,5981,0.814285714,-2.657142857,1.085714286,162,-0.471428571,-3.114285714,6.885714286,29573,-1.6,-4.942857143,0,30745,-0.628571429,-3.585714286,0.514285714,50070,-0.471428571,-3.114285714,6.885714286,8953,2.185714286,-1.657142857,3.228571429,49289,-2.014285714,-6.4,0.2,64376,0.757142857,-5.642857143,0.828571429,3523,-0.628571429,-6.021428571,0.514285714,26963.55556,-0.228571429,-4.126190476,2.238095238
2017/6,2017,6,9132,1.028571429,-2.171428571,6.542857143,387,-0.814285714,-3.9,8.314285714,33467,-1.614285714,-4.728571429,0,38180,-0.642857143,-4.171428571,2.8,57787,-0.814285714,-3.9,8.314285714,10860,1.671428571,-1.428571429,6.542857143,58279,-1.442857143,-4.728571429,1.885714286,76620,1.5,-4.242857143,5.085714286,4189,0.028571429,-4.485714286,3.485714286,32100.11111,-0.122222222,-3.750793651,4.774603175
2017/7,2017,7,7286,2.185714286,-2.257142857,4.771428571,962,0.757142857,-3.142857143,6.485714286,23812,-1.171428571,-4.9,0,30541,0.357142857,-3.714285714,2.114285714,40050,0.757142857,-3.142857143,6.485714286,7768,3.4,-1.242857143,3.485714286,42457,-0.557142857,-4.714285714,1.885714286,56369,2.057142857,-4.228571429,5.714285714,3031,0.75,-4.471428571,3.8,23586.22222,0.948412698,-3.534920635,3.86031746
2017/8,2017,8,5799,3.7,-1.614285714,2.542857143,702,2.528571429,-2.042857143,2.4,25596,0.585714286,-3.942857143,0,29332,2.185714286,-2.928571429,0.914285714,37535,2.528571429,-2.042857143,2.4,7398,5.057142857,-0.628571429,3.857142857,40744,0.857142857,-4.8,1.314285714,53570,3.842857143,-3.557142857,3.342857143,2928,2.35,-4.178571429,2.328571429,22622.66667,2.626190476,-2.85952381,2.122222222
2017/9,2017,9,5331,1.871428571,-1.528571429,8.057142857,1176,0.542857143,-2.485714286,13.22857143,29214,-1.428571429,-3.828571429,0,34784,-0.185714286,-2.985714286,5.285714286,39778,0.542857143,-2.485714286,13.22857143,8341,1.971428571,-1.414285714,10.85714286,45216,-0.514285714,-4.528571429,0.171428571,60063,1.757142857,-2.742857143,13.02857143,3290,0.621428571,-3.635714286,6.6,25243.66667,0.575396825,-2.848412698,7.828571429
2017/10,2017,10,6311,3.457142857,-0.057142857,6.742857143,1317,2.142857143,-0.6,22.37142857,33652,0.2,-1.628571429,0,39838,1.542857143,-0.671428571,17.05714286,48862,2.142857143,-0.6,22.37142857,10099,4.642857143,1.2,11.88571429,55420,0.7,-1.785714286,12.8,72515,2.571428571,-0.128571429,29.48571429,4046,1.635714286,-0.957142857,21.14285714,30228.88889,2.115079365,-0.580952381,15.98412698
2017/11,2017,11,5884,0.171428571,-3.542857143,8.971428571,1452,-0.971428571,-4.628571429,8.285714286,35159,-2.114285714,-5.842857143,0,41643,-0.185714286,-5,6.771428571,45833,-0.971428571,-4.628571429,8.285714286,10008,3.285714286,-2.357142857,3.914285714,53536,-1.842857143,-6.171428571,0.714285714,70718,0.785714286,-4.928571429,6.228571429,3873,-0.528571429,-5.55,3.471428571,29789.55556,-0.263492063,-4.738888889,5.182539683
2017/12,2017,12,4921,0.357142857,-4.257142857,4.342857143,936,0.642857143,-5.6,3.914285714,32732,-1.1,-6.814285714,0,38487,0.828571429,-5.957142857,2.685714286,44047,0.642857143,-5.6,3.914285714,9105,4,-2.957142857,1.171428571,49658,-0.657142857,-7.571428571,0.457142857,65364,2.6,-8.171428571,1.057142857,3634,0.971428571,-7.871428571,0.757142857,27653.77778,0.920634921,-6.088888889,2.033333333
2017/13,2017,13,4086,2.442857143,-1.842857143,5.514285714,897,1.357142857,-3.014285714,9.257142857,26326,0.728571429,-4.385714286,0,34745,1.314285714,-3.457142857,4.342857143,32214,1.357142857,-3.014285714,9.257142857,7230,3.642857143,-1.028571429,2.028571429,39634,0.414285714,-4.571428571,0,52565,2.928571429,-3.985714286,7.771428571,2853,1.671428571,-4.278571429,3.885714286,22283.33333,1.761904762,-3.286507937,4.673015873
2017/14,2017,14,5565,3.1,-1.242857143,14.94285714,1023,2.128571429,-2.628571429,6.914285714,21960,1.485714286,-3.442857143,0,28865,2.314285714,-2.442857143,6.428571429,32542,2.128571429,-2.628571429,6.914285714,6867,5.957142857,0.671428571,1.6,37173,1.628571429,-3.228571429,0.542857143,48963,5.071428571,-1.071428571,5,2669,3.35,-2.15,2.771428571,20625.22222,3.018253968,-2.018253968,5.012698413
2017/15,2017,15,3409,4.828571429,-2.985714286,9.114285714,408,4.828571429,-2.814285714,9.942857143,14990,3.171428571,-3.271428571,0,21846,4.228571429,-2.557142857,5.771428571,24402,4.828571429,-2.814285714,9.942857143,4847,7.5,-0.328571429,5.857142857,26630,3.428571429,-3.328571429,1.142857143,34698,6.528571429,-2.328571429,7.171428571,1941,4.978571429,-2.828571429,4.157142857,14796.77778,4.924603175,-2.584126984,5.9
2018/1,2018,1,2753,2.614285714,-0.185714286,3.257142857,192,2.057142857,-1.171428571,18.34285714,6271,1.028571429,-1.971428571,8.971428571,4735,1.928571429,-1.4,10.25714286,13279,2.057142857,-1.171428571,18.34285714,2060,3.771428571,0.7,10.28571429,11210,0.371428571,-2.914285714,7.885714286,14866,2.971428571,-2.228571429,12.34285714,825,1.671428571,-2.571428571,10.11428571,6243.444444,2.052380952,-1.434920635,11.08888889
2018/2,2018,2,2102,1.814285714,-2.171428571,25.45714286,180,-0.128571429,-3.442857143,6.685714286,3489,-1.457142857,-4.885714286,0.142857143,3408,-0.614285714,-4.242857143,17.05714286,11039,-0.128571429,-3.442857143,6.685714286,1591,3.228571429,-1.2,4.657142857,8547,-1.585714286,-5.785714286,2.742857143,11276,1.771428571,-5.242857143,7.571428571,630,0.092857143,-5.514285714,5.157142857,4695.777778,0.332539683,-3.992063492,8.461904762
2018/3,2018,3,5768,2.857142857,-1.071428571,0.542857143,339,2.285714286,-2.485714286,0.314285714,6911,-0.514285714,-4.542857143,2,8450,2.485714286,-3.214285714,0,19293,2.285714286,-2.485714286,0.314285714,3095,5.342857143,-0.314285714,1.142857143,17226,1.614285714,-4.371428571,0.314285714,22795,4.785714286,-4.914285714,1.028571429,1264,3.2,-4.642857143,0.671428571,9460.111111,2.704761905,-3.115873016,0.703174603
2018/4,2018,4,7058,3.628571429,-0.042857143,2.028571429,474,2.042857143,-1.9,2.085714286,17524,1,-3.071428571,4.057142857,16200,2.114285714,-1.985714286,2.228571429,27761,2.042857143,-1.9,2.085714286,5357,5.457142857,0.414285714,0.771428571,28601,2.385714286,-3.414285714,1.742857143,37741,4.657142857,-3.485714286,2.885714286,2062,3.521428571,-3.45,2.314285714,15864.22222,2.983333333,-2.092857143,2.244444444
2018/5,2018,5,11141,1.028571429,-2.471428571,9.514285714,810,0.842857143,-3.828571429,6.057142857,31435,0.142857143,-4.6,0.971428571,32502,0.757142857,-3.957142857,3.371428571,54337,0.842857143,-3.828571429,6.057142857,10213,2.185714286,-2.285714286,8.8,54351,-0.757142857,-5.742857143,4.028571429,71310,2.457142857,-6.142857143,7.628571429,3902,0.85,-5.942857143,5.828571429,30000.11111,0.927777778,-4.311111111,5.806349206
2018/6,2018,6,18031,2.414285714,-2.7,1.628571429,1086,0.257142857,-4.1,2.971428571,37737,-0.728571429,-5.4,0.142857143,40750,-0.2,-4.771428571,1.457142857,66326,0.257142857,-4.1,2.971428571,12863,2.671428571,-2.928571429,1.628571429,70634,-0.714285714,-5.471428571,1.942857143,93226,1.871428571,-5.271428571,4.142857143,5033,0.578571429,-5.371428571,3.042857143,38409.55556,0.711904762,-4.457142857,2.214285714
2018/7,2018,7,8803,1.285714286,-2.557142857,2.257142857,1269,-0.014285714,-3.5,5.057142857,25157,-1.257142857,-4.857142857,0.428571429,31768,-0.414285714,-4.442857143,1.457142857,46230,-0.014285714,-3.5,5.057142857,8428,2.157142857,-1.985714286,1.314285714,46287,-0.2,-5.614285714,2.285714286,61632,2.1,-5.014285714,4.742857143,3344,0.95,-5.314285714,3.514285714,25879.77778,0.51031746,-4.087301587,2.901587302
2018/8,2018,8,7966,2.871428571,-1.414285714,3.542857143,1128,1.214285714,-2.657142857,6.085714286,24150,0.585714286,-3.714285714,6.085714286,29814,1.142857143,-2.357142857,4.6,39057,1.214285714,-2.657142857,6.085714286,7857,4.242857143,-0.114285714,2.6,41879,0.4,-4.328571429,4.514285714,55592,3.085714286,-2.785714286,7.257142857,3031,1.742857143,-3.557142857,5.885714286,23386,1.833333333,-2.620634921,5.184126984
2018/9,2018,9,8950,1.814285714,-2.685714286,5.628571429,1719,0.7,-3.442857143,17,30515,-1.028571429,-4.614285714,1.457142857,33734,0.628571429,-3.942857143,3.657142857,45601,0.7,-3.442857143,17,9032,3.057142857,-1.514285714,9.971428571,49315,1.5,-5.6,0,65256,2.214285714,-3.057142857,14.77142857,3522,1.857142857,-4.328571429,7.385714286,27516,1.271428571,-3.625396825,8.541269841
2018/10,2018,10,7621,1.642857143,-2.142857143,4.285714286,1860,-0.157142857,-3.142857143,8.514285714,33527,-1.042857143,-4.185714286,3.285714286,41774,-0.428571429,-3.7,3.771428571,43886,-0.157142857,-3.142857143,8.514285714,9444,2.442857143,-0.9,4.142857143,52085,-0.228571429,-4.457142857,2.542857143,69540,2.328571429,-2.728571429,8.6,3849,1.05,-3.592857143,5.571428571,29287.33333,0.605555556,-3.11031746,5.46984127
2018/11,2018,11,6837,0.385714286,-3.385714286,9.685714286,1452,-1.185714286,-4.628571429,6.457142857,38115,-2.014285714,-4.8,0.057142857,40149,-0.657142857,-4.628571429,7.428571429,46782,-1.185714286,-4.628571429,6.457142857,9592,1.714285714,-2.6,4.057142857,53194,-2.3,-7.085714286,0.257142857,70211,0.914285714,-5.957142857,6.657142857,3867,-0.692857143,-6.521428571,3.457142857,30022.11111,-0.557936508,-4.915079365,4.946031746
2018/12,2018,12,10011,3.014285714,-2.871428571,1.914285714,1374,1.771428571,-4.842857143,0.485714286,35284,-1.985714286,-6.5,3.457142857,38075,1.728571429,-4.942857143,0,46140,1.771428571,-4.842857143,0.485714286,9764,5.371428571,-1.042857143,0.257142857,53232,0.885714286,-6.7,0.057142857,70681,3.771428571,-6.685714286,0.371428571,3839,2.328571429,-6.692857143,0.214285714,29822.22222,2.073015873,-5.013492063,0.804761905
2018/13,2018,13,6751,3.1,-0.928571429,5.228571429,913,2.471428571,-2.7,3.828571429,28187,0.714285714,-4.114285714,7.171428571,32603,2.728571429,-2.885714286,0.942857143,34877,2.471428571,-2.7,3.828571429,7557,6.4,0.042857143,10.08571429,41257,1.128571429,-5.414285714,1.628571429,54342,4.371428571,-3.385714286,9.771428571,2943,2.75,-4.4,5.7,23270,2.903968254,-2.942857143,5.353968254
2018/14,2018,14,5793,7.885714286,0.185714286,0.371428571,498,6.214285714,-0.257142857,1.057142857,21947,5.542857143,-0.971428571,0.285714286,28410,6.6,-0.057142857,0,31144,6.214285714,-0.257142857,1.057142857,6454,11.02857143,2.557142857,0,34676,6.285714286,-1.157142857,0,46265,8.385714286,-0.071428571,0,2542,7.335714286,-0.614285714,0,19747.66667,7.276984127,-0.071428571,0.307936508
2018/15,2018,15,4064,3.428571429,-2.057142857,5.142857143,258,1.814285714,-3.442857143,2.6,15320,1.6,-4.157142857,0.571428571,19085,2.942857143,-2.971428571,0,20104,1.814285714,-3.442857143,2.6,4262,7.7,-0.185714286,0.714285714,23050,3.842857143,-4,0.8,30146,5.457142857,-3.057142857,1.285714286,1688,4.65,-3.528571429,1.042857143,13108.55556,3.694444444,-2.982539683,1.63968254
2019/1,2019,1,6393,8.257142857,1.4,2.171428571,237,4.028571429,0.571428571,19.11428571,5948,6.1,-3,0.085714286,8702,3.857142857,0.857142857,19,22375,4.028571429,0.571428571,19.11428571,3472,6.828571429,3.142857143,9.257142857,18741,3.157142857,0.257142857,10.48571429,24730,5.328571429,1.614285714,9.6,1385,4.242857143,0.935714286,10.04285714,10220.33333,5.092063492,0.705555556,10.98571429
2019/2,2019,2,4311,1.9,-1.914285714,6.4,81,0.442857143,-3.685714286,3.057142857,3019,3.471428571,-3.385714286,0.085714286,4257,0.028571429,-4.485714286,1.114285714,10904,0.442857143,-3.685714286,3.057142857,1831,4.385714286,-1.771428571,0.342857143,9845,-0.742857143,-6.828571429,0.514285714,12913,2.628571429,-6.828571429,0.342857143,700,0.942857143,-6.828571429,0.428571429,5317.888889,1.5,-4.379365079,1.704761905
2019/3,2019,3,5341,6.042857143,0.514285714,0.028571429,126,4.742857143,-0.728571429,4.371428571,5820,4.171428571,-1.828571429,0.057142857,7581,4.985714286,-0.957142857,0.114285714,13018,4.742857143,-0.728571429,4.371428571,2534,7.642857143,0.728571429,0,13374,3.7,-4.442857143,0.057142857,17700,6.842857143,-4.628571429,0.171428571,992,5.271428571,-4.535714286,0.114285714,7387.333333,5.349206349,-1.845238095,1.031746032
2019/4,2019,4,6645,3.657142857,-0.814285714,2.057142857,63,2.742857143,-1.657142857,9.257142857,13150,1.014285714,-2.842857143,0.085714286,14826,2.085714286,-2.228571429,5.314285714,29400,2.742857143,-1.657142857,9.257142857,4763,7.057142857,0.014285714,3.8,25851,3.585714286,-4.071428571,3.371428571,34236,5.557142857,-3.657142857,4.914285714,1904,4.571428571,-3.864285714,4.142857143,14537.55556,3.668253968,-2.308730159,4.688888889
2019/5,2019,5,10595,2.014285714,-1.085714286,6,123,0.714285714,-1.828571429,14.88571429,26572,-0.157142857,-2.728571429,0.085714286,31088,0.371428571,-2.157142857,14.14285714,46986,0.714285714,-1.828571429,14.88571429,9019,2.642857143,-0.028571429,13.11428571,48275,-0.6,-3.7,8.028571429,64459,1.485714286,-2.485714286,19.17142857,3584,0.442857143,-3.092857143,13.6,26744.55556,0.847619048,-2.103968254,11.54603175
2019/6,2019,6,9056,1.771428571,-2.157142857,14.17142857,318,0.842857143,-3.471428571,9.685714286,36382,-0.514285714,-4.557142857,0.114285714,37988,0.414285714,-3.971428571,3.171428571,49957,0.842857143,-3.471428571,9.685714286,9962,2.685714286,-2.042857143,3.914285714,55168,-0.771428571,-5.271428571,0.971428571,72800,2.542857143,-3.3,5.971428571,3998,0.885714286,-4.285714286,3.471428571,30625.44444,0.966666667,-3.614285714,5.684126984
2019/7,2019,7,9515,3.171428571,-1.4,1.714285714,675,2.085714286,-2.285714286,2.4,23978,0.828571429,-3.485714286,0.171428571,33409,2.271428571,-2.757142857,2.714285714,42583,2.085714286,-2.285714286,2.4,8267,6.028571429,0.228571429,1.342857143,45493,2.257142857,-2.914285714,1.514285714,60123,4.285714286,-2.028571429,4,3377,3.271428571,-2.471428571,2.757142857,25268.88889,2.920634921,-2.155555556,2.112698413
2019/8,2019,8,10134,3.685714286,-1.728571429,1.685714286,858,4.271428571,-1.228571429,1.342857143,24998,2.9,-2.357142857,0.085714286,31157,4.3,-1.985714286,1.8,41415,4.271428571,-1.228571429,1.342857143,8107,6.285714286,0.285714286,1.314285714,45050,2.6,-4.014285714,0.542857143,58944,5.685714286,-4.771428571,0.657142857,3318,4.142857143,-4.392857143,0.6,24886.77778,4.238095238,-2.38015873,1.041269841
2019/9,2019,9,10039,0.728571429,-2.614285714,10.17142857,924,0.142857143,-3.585714286,2.6,31360,-0.6,-4.428571429,0,34471,0.571428571,-3.914285714,4.828571429,40425,0.142857143,-3.585714286,2.6,8547,3.014285714,-2.557142857,3.371428571,46665,-0.271428571,-4.171428571,2.6,61440,1.8,-4.485714286,13.02857143,3449,0.764285714,-4.328571429,7.814285714,26368.88889,0.699206349,-3.741269841,5.223809524
2019/10,2019,10,4004,1.771428571,-2.642857143,18.25714286,909,0.871428571,-4.1,3.285714286,29531,-1.185714286,-4.7,0,39514,-0.071428571,-4.271428571,5.2,41156,0.871428571,-4.1,3.285714286,8538,3.985714286,-2.057142857,0.457142857,45330,0.357142857,-5.614285714,0.514285714,60344,3.557142857,-5.1,3.657142857,3258,1.957142857,-5.357142857,2.085714286,25842.66667,1.346031746,-4.215873016,4.082539683
2019/11,2019,11,12128,3.785714286,-2.614285714,7.971428571,1455,3,-3.714285714,7.342857143,39955,1.057142857,-4.485714286,0,40569,3.057142857,-3.814285714,9.057142857,48415,3,-3.714285714,7.342857143,10785,5.014285714,-1.485714286,8.571428571,59101,-0.128571429,-5,2.257142857,77783,3.528571429,-3.171428571,10.65714286,4333,1.7,-4.085714286,6.457142857,32724.88889,2.668253968,-3.565079365,6.628571429
2019/12,2019,12,10255,3.4,-2.642857143,6.2,1542,2.857142857,-4.057142857,2.4,37905,2.185714286,-5.285714286,0,38230,3.357142857,-4.285714286,0.8,44315,2.857142857,-4.057142857,2.4,10147,6.757142857,-1.042857143,0.028571429,53915,2.128571429,-6.271428571,0.428571429,71288,4.442857143,-6.042857143,0.657142857,3980,3.285714286,-6.157142857,0.542857143,30175.22222,3.474603175,-4.426984127,1.495238095
2019/13,2019,13,8502,5.6,0.5,6.4,1083,4.7,-0.3,6.514285714,33186,3.542857143,-1.142857143,0,35090,5.157142857,-0.228571429,3.2,34454,4.7,-0.3,6.514285714,8432,8.714285714,2.7,6.057142857,45841,4.1,-1.2,2.085714286,59693,6.385714286,-0.614285714,6.057142857,3238,5.242857143,-0.907142857,4.071428571,25502.11111,5.349206349,-0.165873016,4.544444444
2019/14,2019,14,6878,5.414285714,-1.757142857,14.51428571,522,4.2,-2.614285714,4.857142857,27192,3.071428571,-3.471428571,0,30655,5.171428571,-2.342857143,2.285714286,30775,4.2,-2.614285714,4.857142857,7077,6.971428571,-0.742857143,2,37957,3.371428571,-3.428571429,0.971428571,49945,6.914285714,-2.828571429,3.657142857,2733,5.142857143,-3.128571429,2.314285714,21526,4.93968254,-2.547619048,3.93968254
2019/15,2019,15,6089,7.314285714,0.628571429,6.771428571,363,6.057142857,0.5,4.314285714,20169,5.314285714,0.042857143,0,22832,6.985714286,1.128571429,4.914285714,22540,6.057142857,0.5,4.314285714,5189,10.74285714,3.471428571,2.542857143,28383,5.185714286,-0.9,5.628571429,37747,8.528571429,0.228571429,5.742857143,2018,6.857142857,-0.335714286,5.685714286,16147.77778,7.004761905,0.584920635,4.434920635
2020/1,2020,1,1074,5.357142857,0.314285714,2.914285714,126,4.4,-0.557142857,10.97142857,2016,7.1,6.2,7.057142857,2905,3.971428571,-0.257142857,4.057142857,2665,4.4,-0.557142857,10.97142857,430,6.528571429,2.557142857,6.942857143,2281,4.085714286,-2.285714286,6.4,2987,6,-2.771428571,7.4,161,5.042857143,-2.528571429,6.9,1627.222222,5.20952381,0.012698413,7.068253968
2020/2,2020,2,544,3.614285714,0.214285714,2.885714286,27,2.414285714,-0.142857143,7.342857143,1346,7.1,6.2,11.8,1931,2.357142857,-0.257142857,13.45714286,2843,2.414285714,-0.142857143,7.342857143,311,4.857142857,1.671428571,8.028571429,1666,2.6,-1.771428571,8.885714286,2205,3.971428571,-1.6,10.8,122,3.285714286,-1.685714286,9.842857143,1221.666667,3.623809524,0.276190476,8.931746032
2020/3,2020,3,603,3.271428571,-1.428571429,7.857142857,24,2.257142857,-2.285714286,3.914285714,1416,7.1,6.2,1.428571429,1672,2.557142857,-2.657142857,2.285714286,3537,2.257142857,-2.285714286,3.914285714,334,4.614285714,-0.271428571,3.371428571,1787,1.1,-5.228571429,0.142857143,2373,4.214285714,-4.071428571,0.6,133,2.657142857,-4.65,0.371428571,1319.888889,3.336507937,-1.853174603,2.653968254
2020/4,2020,4,2168,2.957142857,-1.157142857,8.771428571,93,1.257142857,-2.314285714,6.8,4172,7.1,6.2,5.028571429,4208,0.985714286,-3,3.971428571,9988,1.257142857,-2.314285714,6.8,969,3.642857143,-0.742857143,2.571428571,5251,0.414285714,-4.285714286,3.942857143,6968,2.957142857,-3.285714286,6.828571429,379,1.685714286,-3.785714286,5.385714286,3799.555556,2.473015873,-1.631746032,5.566666667
2020/5,2020,5,4055,3.9,-0.071428571,10.82857143,171,2.271428571,-0.7,2.457142857,9325,3.214285714,2.042857143,2.314285714,7199,2.014285714,-1.057142857,1.6,3537,2.271428571,-0.7,2.457142857,1185,5.442857143,1.257142857,0.6,6327,1.571428571,-2.942857143,4.314285714,8403,3.971428571,-4.128571429,10.85714286,457,2.771428571,-3.535714286,7.585714286,4517.666667,3.047619048,-1.092857143,4.779365079
2020/6,2020,6,2945,3.685714286,-0.785714286,3.8,438,3.828571429,-2.185714286,0.714285714,15316,0.871428571,-3.314285714,0.742857143,8741,1.128571429,-2.742857143,4.428571429,15619,3.828571429,-2.185714286,0.714285714,1978,5,-0.385714286,1.771428571,10795,0.057142857,-5.028571429,4.828571429,14350,2.8,-4,4.914285714,765,1.428571429,-4.514285714,4.871428571,7883,2.514285714,-2.793650794,2.976190476
2020/7,2020,7,1149,3.514285714,-1.1,3.4,108,5,0.071428571,0.542857143,8953,3.728571429,-1.842857143,0.342857143,6964,4.428571429,-0.7,1.371428571,6805,5,0.071428571,0.542857143,1087,7.142857143,1.371428571,1,5849,2.642857143,-2.271428571,2.2,7748,5.571428571,-3.557142857,4.628571429,422,4.107142857,-2.914285714,3.414285714,4342.777778,4.570634921,-1.207936508,1.938095238
2020/8,2020,8,941,5.985714286,-0.585714286,9.685714286,127,5.814285714,-0.528571429,0.142857143,4401,4.057142857,-1.571428571,0.257142857,3407,5.1,-1.542857143,3.428571429,7366,5.814285714,-0.528571429,0.142857143,720,7.371428571,1.842857143,0.314285714,3997,3.371428571,-2.471428571,3.771428571,5264,6.428571429,-3.085714286,5.4,286,4.9,-2.778571429,4.585714286,2945.444444,5.426984127,-1.25,3.080952381
2020/9,2020,9,834,0.428571429,-3.8,6,98,0.8,-4.342857143,2.457142857,3476,-0.614285714,-5.142857143,1.457142857,4837,0.528571429,-4.528571429,6.085714286,7312,0.8,-4.342857143,2.457142857,733,3.957142857,-1.842857143,3.628571429,4059,-0.8,-5.314285714,5.571428571,5356,1.385714286,-4.357142857,15.68571429,292,0.292857143,-4.835714286,10.62857143,2999.666667,0.753174603,-4.278571429,5.996825397
2020/10,2020,10,0,4.714285714,0.3,12.68571429,9,3.228571429,-0.385714286,2.085714286,1043,2.142857143,-1.1,5.4,4869,3.1,-0.671428571,8.857142857,3812,3.228571429,-0.385714286,2.085714286,445,5.857142857,1.685714286,7.6,2366,1.571428571,-2.4,5.171428571,3128,4.285714286,-0.857142857,4.857142857,176,2.928571429,-1.628571429,5.014285714,1760.888889,3.450793651,-0.604761905,5.973015873
2020/11,2020,11,0,-0.457142857,-2.842857143,16.17142857,0,-1.057142857,-3.685714286,10.37142857,0,-1.714285714,-4.471428571,5.857142857,0,-1.014285714,-4.271428571,1.542857143,0,-1.057142857,-3.685714286,10.37142857,0,4.4,-0.171428571,1.4,0,-2.6,-5.157142857,4,0,-0.128571429,-3.871428571,18.31428571,0,-1.364285714,-4.514285714,11.15714286,0,-0.554761905,-3.63015873,8.798412698
2020/12,2020,12,0,4.142857143,-1.571428571,4.114285714,0,2.5,-3.285714286,3.571428571,0,0.928571429,-4.242857143,0.428571429,0,2.957142857,-3.542857143,2.657142857,0,2.5,-3.285714286,3.571428571,0,4.4,-0.2,0,0,0.385714286,-5.228571429,0.771428571,0,4.428571429,-3.857142857,1.6,0,2.407142857,-4.542857143,1.185714286,0,2.738888889,-3.306349206,1.988888889
2020/13,2020,13,0,9.1,0.314285714,0.857142857,0,4.971428571,-1.1,0.714285714,0,3.914285714,-1.785714286,0.171428571,0,5.328571429,-0.985714286,0.457142857,0,4.971428571,-1.1,0.714285714,0,4.4,-0.2,0,0,4.814285714,-2.228571429,0.114285714,0,7.228571429,-1.642857143,0.085714286,0,6.021428571,-1.935714286,0.1,0,5.638888889,-1.184920635,0.357142857
2020/14,2020,14,0,9.371428571,2.171428571,0.571428571,0,8.942857143,1.7,4,0,7.314285714,0.728571429,2.257142857,0,8.342857143,1.157142857,3.514285714,0,8.942857143,1.7,4,0,10.71428571,2.642857143,2.257142857,0,6.428571429,-0.042857143,2.457142857,0,8.8,1.514285714,3.514285714,0,7.614285714,0.735714286,2.985714286,0,8.496825397,1.367460317,2.83968254
2020/15,2020,15,0,10.55714286,3.185714286,0.028571429,0,9.671428571,4.785714286,3.971428571,0,8.785714286,3.942857143,3.542857143,0,9.528571429,4.557142857,3.742857143,0,9.671428571,4.785714286,3.971428571,0,13.55714286,6.942857143,3.257142857,0,8.7,2.985714286,2.628571429,0,12.15714286,3.542857143,1.057142857,0,10.42857143,3.264285714,1.842857143,0,10.33968254,4.221428571,2.671428571
2021/1,2021,1,334,4.685714286,-0.942857143,49.94285714,216,2.785714286,-1.5,11.08571429,3992,1.142857143,-2.314285714,6.571428571,8585,1.757142857,-1.642857143,8.742857143,2198,2.785714286,-1.5,11.08571429,830,3.742857143,-0.285714286,9.2,4556,-0.2,-3.085714286,6.742857143,6003,3.071428571,-2.085714286,16.4,323,1.435714286,-2.585714286,11.57142857,3004.111111,2.356349206,-1.771428571,14.59365079
2021/2,2021,2,941,2.642857143,-0.471428571,3.857142857,69,2.628571429,-1.8,2.085714286,9086,0.528571429,-2.7,2.6,13114,1.214285714,-1.985714286,3,5269,2.628571429,-1.8,2.085714286,1541,4.628571429,-0.357142857,2.514285714,8255,6.34413E-17,-4.385714286,1.742857143,10901,3.128571429,-3.814285714,2.228571429,597,1.564285714,-4.1,1.985714286,5530.333333,2.107142857,-2.379365079,2.455555556
2021/3,2021,3,2614,4.257142857,-0.042857143,4.114285714,99,2.8,-1.042857143,7.657142857,16742,1.057142857,-2.214285714,16.94285714,24383,2.1,-1.342857143,18.37142857,17995,2.8,-1.042857143,7.657142857,3315,4.757142857,0.785714286,13.34285714,18301,1.128571429,-4.028571429,14.05714286,24338,3.685714286,-2.642857143,21.34285714,1307,2.407142857,-3.335714286,17.7,12121.55556,2.776984127,-1.656349206,13.46507937
2021/4,2021,4,8833,1.657142857,-1.428571429,3.085714286,315,0.528571429,-2.628571429,3.114285714,28047,-0.3,-3.385714286,3.914285714,31297,0.657142857,-2.8,3.371428571,39561,0.528571429,-2.628571429,3.114285714,6070,3.742857143,-0.357142857,3.257142857,32789,-0.042857143,-3.614285714,0.971428571,43413,2.471428571,-3.257142857,4.257142857,2355,1.214285714,-3.435714286,2.614285714,21408.88889,1.161904762,-2.615079365,3.077777778
2021/5,2021,5,11910,2.971428571,-1.3,0.2,697,2.128571429,-2.242857143,1.571428571,35270,0.485714286,-3.485714286,0.257142857,36763,1.985714286,-2.328571429,1.057142857,53339,2.128571429,-2.242857143,1.571428571,8018,5.857142857,-0.028571429,1.257142857,42107,0.585714286,-4.9,0,55654,3.871428571,-5.571428571,0,3029,2.228571429,-5.235714286,0,27420.77778,2.471428571,-3.037301587,0.657142857
2021/6,2021,6,2430,1.014285714,-1.642857143,8.228571429,103,0.385714286,-2.7,3.257142857,13693,-0.542857143,-3.571428571,11.25714286,14100,-0.171428571,-2.8,8.828571429,26598,0.385714286,-2.7,3.257142857,3099,1.542857143,-1.128571429,9.657142857,17062,-0.971428571,-3.785714286,4.314285714,22523,0.671428571,-2.814285714,19.37142857,1219,-0.15,-3.3,11.84285714,11203,0.24047619,-2.715873016,8.89047619
2021/7,2021,7,3,0.671428571,-3.185714286,6.485714286,0,-0.357142857,-3.971428571,9.085714286,6750,-1.442857143,-4.557142857,9.828571429,7500,-0.7,-4.314285714,6,7908,-0.357142857,-3.971428571,9.085714286,1186,1.914285714,-2.642857143,10.08571429,6387,-1.7,-5.2,0,8333,0.914285714,-4.528571429,16.2,468,-0.392857143,-4.864285714,8.1,4281.666667,-0.161111111,-4.137301587,8.319047619
2021/8,2021,8,3274,1.957142857,-1.785714286,4.742857143,468,0.4,-2.9,7.514285714,18858,-0.228571429,-3.6,7.342857143,22133,0.614285714,-2.771428571,6.171428571,31619,0.4,-2.9,7.514285714,4115,3.314285714,-0.571428571,6.257142857,22563,-1.757142857,-5.014285714,0,29825,2.528571429,-2.857142857,12.62857143,1653,0.385714286,-3.935714286,6.314285714,14945.33333,0.846031746,-2.926190476,6.498412698
2021/9,2021,9,1757,2.628571429,-1.071428571,5.542857143,774,1.271428571,-2.257142857,3.057142857,27982,0.585714286,-3.114285714,2.057142857,9250,1.6,-2.6,2.485714286,25906,1.271428571,-2.257142857,3.057142857,3478,3.642857143,-0.371428571,5.285714286,19180,1.642857143,-4.1,0.571428571,25409,5.085714286,-2.1,3.171428571,1388,3.364285714,-3.1,1.871428571,12791.55556,2.343650794,-2.33015873,3.011111111
2021/10,2021,10,2392,3.371428571,-0.728571429,4.714285714,834,1.857142857,-1.585714286,2.6,16215,0.471428571,-2.571428571,1.714285714,14152,1.8,-2.157142857,1.6,16707,1.857142857,-1.585714286,2.6,2706,4.814285714,-0.242857143,3.228571429,14564,3.3,-1.6,0,19460,3.242857143,-3.042857143,7.457142857,1036,3.271428571,-2.321428571,3.728571429,9785.111111,2.665079365,-1.75952381,3.071428571
2021/11,2021,11,1948,4.628571429,0.071428571,8.457142857,0,2.757142857,-1.042857143,2.628571429,15773,1.442857143,-1.771428571,6.4,16893,2.742857143,-1.114285714,4.428571429,15200,2.757142857,-1.042857143,2.628571429,2680,7.442857143,1.728571429,4.085714286,14342,2.242857143,-1.457142857,4.4,18796,5.242857143,-0.871428571,7.285714286,1046,3.742857143,-1.164285714,5.842857143,9630.888889,3.666666667,-0.74047619,5.128571429
2021/12,2021,12,0,2.685714286,-1.628571429,6.457142857,0,1.4,-2.771428571,2.371428571,4200,0.257142857,-3.514285714,1.571428571,10746,0.971428571,-2.985714286,3.514285714,5401,1.4,-2.771428571,2.371428571,1102,5.6,-0.614285714,3.457142857,5792,0.957142857,-4.2,1.771428571,7640,3.014285714,-2.571428571,4.857142857,424,1.985714286,-3.385714286,3.314285714,3922.777778,2.03015873,-2.715873016,3.298412698
2021/13,2021,13,0,7.028571429,2.328571429,16.57142857,15,6.057142857,1.314285714,0,4200,4.6,-0.057142857,11.94285714,7505,5.442857143,0.9,12.34285714,3732,6.057142857,1.314285714,0,806,9.828571429,3.542857143,11.65714286,4411,4.2,-1.142857143,16.94285714,5871,7.428571429,1.185714286,11.54285714,329,5.814285714,0.021428571,14.24285714,2985.444444,6.273015873,1.045238095,10.58253968
2021/14,2021,14,176,6.428571429,-1.328571429,1.885714286,33,6.471428571,-0.542857143,0,5617,3.357142857,-1.471428571,0.428571429,7698,4.5,-1.071428571,1.4,176,6.471428571,-0.542857143,0,742,8.642857143,1.828571429,1.142857143,3909,3.142857143,-1.528571429,0.685714286,5192,5.9,-0.4,2.228571429,286,4.521428571,-0.964285714,1.457142857,2647.666667,5.492857143,-0.669047619,1.025396825
2021/15,2021,15,475,4.114285714,-1.685714286,11.97142857,618,3.614285714,-1.928571429,0,11309,1.928571429,-2.6,13.08571429,5282,2.885714286,-2,12.94285714,5975,3.614285714,-1.928571429,0,1282,6.4,0.628571429,6.285714286,6774,2.371428571,-3.871428571,9.142857143,8958,4.828571429,-2.385714286,18.85714286,504,3.6,-3.128571429,14,4575.222222,3.706349206,-2.1,9.587301587
2022/1,2022,1,8513,1.142857143,-1.714285714,5.942857143,1038,0.028571429,-3.2,1.285714286,16726,-1.057142857,-4.371428571,0.114285714,16216,0.342857143,-4.342857143,2.542857143,27665,0.028571429,-3.2,1.285714286,5144,2.471428571,-2.171428571,4.571428571,28482,-0.685714286,-4.685714286,0.142857143,37439,2.428571429,-4.042857143,1.285714286,2109,0.871428571,-4.364285714,0.714285714,15925.77778,0.619047619,-3.565873016,1.987301587
2022/2,2022,2,6516,3.371428571,0.3,5.742857143,711,2.342857143,-1.057142857,12.48571429,17273,0.9,-1.785714286,7.914285714,11828,2.385714286,-1.414285714,6.942857143,33328,2.342857143,-1.057142857,12.48571429,5403,5.057142857,0.071428571,5.771428571,28805,1.7,-3.385714286,3.885714286,38068,4.357142857,-3.6,6.828571429,2110,3.028571429,-3.492857143,5.357142857,16004.66667,2.831746032,-1.713492063,7.49047619
2022/3,2022,3,5609,2.7,-1.057142857,5.371428571,426,2.214285714,-1.971428571,13.11428571,17846,1.728571429,-3.085714286,7.714285714,21374,2.142857143,-2.628571429,5.828571429,36352,2.214285714,-1.971428571,13.11428571,5887,3.685714286,0.1,2,32323,1.514285714,-3.514285714,1.4,42997,3.342857143,-2.514285714,2.028571429,2385,2.428571429,-3.014285714,1.714285714,18355.44444,2.441269841,-2.184126984,5.80952381
2022/4,2022,4,10614,4.657142857,-1.628571429,0,984,6.242857143,-0.242857143,0,32710,2.1,-4.228571429,0.4,31895,2.614285714,-3.557142857,1.085714286,58192,6.242857143,-0.242857143,0,9683,3.428571429,-0.614285714,0.485714286,51793,1.428571429,-4.571428571,0.371428571,68311,1.842857143,-2.928571429,1.8,3705,1.635714286,-3.75,1.085714286,29765.22222,3.354761905,-2.418253968,0.580952381
2022/5,2022,5,11092,0.571428571,-1.342857143,6.828571429,1071,0.142857143,-2.871428571,2.114285714,39827,-1.1,-3.971428571,0.714285714,36797,-0.5,-3.8,1.342857143,65372,0.142857143,-2.871428571,2.114285714,10791,3.028571429,-1.414285714,1.4,58950,-0.985714286,-5.371428571,0.314285714,77499,1.971428571,-5.657142857,0.714285714,4232,0.492857143,-5.514285714,0.514285714,33959,0.418253968,-3.646031746,1.784126984
2022/6,2022,6,9082,0.757142857,-3.571428571,9.457142857,660,0.071428571,-5.228571429,3.028571429,34135,-1.457142857,-6.1,0.085714286,40770,-0.314285714,-5.771428571,0.714285714,49092,0.071428571,-5.228571429,3.028571429,9436,2.7,-2.642857143,2.142857143,50846,-1.414285714,-6.657142857,1.2,66744,1.285714286,-6.642857143,8.771428571,3615,-0.064285714,-6.65,4.985714286,29375.55556,0.181746032,-5.388095238,3.712698413
2022/7,2022,7,8570,4.957142857,-0.2,3.942857143,1158,2.9,-0.5,3.714285714,34204,1.757142857,-2.257142857,4.971428571,38308,2.785714286,-1.3,5.2,49631,2.9,-0.5,3.714285714,9266,5.757142857,0.671428571,3.542857143,50463,1.1,-3.728571429,3.257142857,66904,3.871428571,-2.171428571,2.971428571,3723,2.485714286,-2.95,3.114285714,29136.33333,3.168253968,-1.437301587,3.825396825
2022/8,2022,8,7825,2.142857143,-2.557142857,7.542857143,1032,1.014285714,-2.985714286,10.6,32560,0.271428571,-4.3,5.914285714,35915,0.942857143,-3.571428571,2.771428571,50634,1.014285714,-2.985714286,10.6,9018,4.071428571,-1.328571429,5.8,48895,0.257142857,-5.114285714,4.8,64587,2.771428571,-3.357142857,13.37142857,3536,1.514285714,-4.235714286,9.085714286,28222.44444,1.555555556,-3.381746032,7.831746032
2022/9,2022,9,7810,2.414285714,-1.071428571,4.228571429,819,1.142857143,-1.728571429,5.085714286,34634,5.6,-3.3,2.6,39378,0.9,-2.614285714,16.02857143,40367,1.142857143,-1.728571429,5.085714286,8602,4.914285714,0.228571429,10.48571429,46293,0.1,-4.285714286,18.97142857,60980,2.757142857,-3.828571429,26.25714286,3441,1.428571429,-4.057142857,22.61428571,26924.88889,2.266666667,-2.487301587,12.37301587
2022/10,2022,10,6587,3.4,-0.742857143,10.51428571,1314,2.371428571,-1.871428571,8.885714286,37253,4.985714286,-3.185714286,1.657142857,41541,1.014285714,-2.071428571,4.028571429,44242,2.371428571,-1.871428571,8.885714286,9356,3.9,0,6.657142857,49363,-0.071428571,-3.514285714,3.542857143,65991,2.685714286,-2.314285714,12.31428571,3634,1.307142857,-2.914285714,7.928571429,28809,2.44047619,-2.053968254,7.157142857
2022/11,2022,11,7939,1.628571429,-2.614285714,15.45714286,1577,0.428571429,-3.242857143,11.45714286,34672,-0.3,-4.185714286,9.2,44226,0.257142857,-3.628571429,11.6,43874,0.428571429,-3.242857143,11.45714286,9146,3.385714286,-0.857142857,7.628571429,49801,-0.528571429,-4.514285714,6.342857143,65880,1.885714286,-3.5,14.25714286,3603,0.678571429,-4.007142857,10.3,28968.66667,0.873809524,-3.31031746,10.85555556
2022/12,2022,12,6782,6.642857143,0.185714286,10.14285714,975,5.685714286,-0.4,6.085714286,33389,4.014285714,-0.628571429,1.685714286,44959,4.242857143,-0.914285714,8.285714286,44775,5.685714286,-0.4,6.085714286,9077,8.057142857,1.357142857,2.285714286,49543,2.557142857,-3.4,3.514285714,65716,7.1,-2.2,3.171428571,3644,4.828571429,-2.8,3.342857143,28762.22222,5.423809524,-1.022222222,4.955555556
2022/13,2022,13,4750,4.528571429,-2.228571429,3.942857143,609,3.128571429,-1.814285714,1.6,29398,3.8,0.6,0,35811,3.157142857,-3.142857143,0.171428571,30766,3.128571429,-1.814285714,1.6,6969,8.042857143,-0.414285714,0,37838,3.442857143,-5.357142857,0.085714286,49749,5.314285714,-4.957142857,0.6,2794,4.378571429,-5.157142857,0.342857143,22076,4.324603175,-2.698412698,0.926984127
2022/14,2022,14,3009,2.557142857,-0.757142857,10.08571429,357,1.971428571,-1.728571429,15.4,21856,3.8,0.6,1.742857143,30281,1.728571429,-2.457142857,6.657142857,21896,1.971428571,-1.728571429,15.4,5298,6.242857143,0.685714286,5.542857143,28277,1.571428571,-3.271428571,5.057142857,37395,4.171428571,-2.442857143,3.685714286,2038,2.871428571,-2.857142857,4.371428571,16711.88889,2.987301587,-1.550793651,7.549206349
2022/15,2022,15,2262,5.471428571,0,7,85,2.9,-1.385714286,7.971428571,18981,3.8,0.6,6.285714286,26821,2.628571429,-1.585714286,7.742857143,19427,2.9,-1.385714286,7.971428571,4557,6.828571429,1,11.25714286,24771,2.028571429,-3,5.257142857,32777,5.3,-0.928571429,21.25714286,1829,3.664285714,-1.964285714,13.25714286,14612.22222,3.946825397,-0.961111111,9.777777778
2023/1,2023,1,1218,2.471428571,-1.128571429,4.628571429,54,1.185714286,-1.514285714,10.28571429,5318,0.8,-1.971428571,6.2,7332,0.914285714,-1.8,6.857142857,10172,1.185714286,-1.514285714,10.28571429,1591,4.214285714,0.385714286,8.571428571,8545,0.857142857,-3.085714286,7.371428571,11226,3,-2.2,14.05714286,605,1.928571429,-2.642857143,10.71428571,5117.888889,1.83968254,-1.719047619,8.774603175
2023/2,2023,2,2458,1.157142857,-2.285714286,7.657142857,82,-0.342857143,-3.2,6.971428571,8241,1.3,-1.5,0.742857143,7029,-0.142857143,-3.071428571,6.8,12397,-0.342857143,-3.2,6.971428571,1932,3.5,-1.071428571,4.657142857,10240,-0.914285714,-4.185714286,0.771428571,13577,2.014285714,-3.928571429,4.142857143,741,0.55,-4.057142857,2.457142857,6299.666667,0.753174603,-2.944444444,4.574603175
2023/3,2023,3,7129,0.628571429,-1.642857143,6.228571429,422,-0.2,-2.585714286,1.371428571,18549,1.3,-1.5,0.028571429,16737,-0.671428571,-3.385714286,0.428571429,23839,-0.2,-2.585714286,1.371428571,4120,1.114285714,-0.957142857,8.571428571,21673,-1.657142857,-4.571428571,3.742857143,28654,0.271428571,-2.685714286,16.28571429,1607,-0.692857143,-3.628571429,10.01428571,13636.66667,-0.011904762,-2.615873016,5.338095238
2023/4,2023,4,17116,3.728571429,-0.157142857,3.8,710,2.971428571,-0.9,9.514285714,33179,2.442857143,-1.328571429,8.571428571,29896,2.628571429,-1.871428571,9.828571429,49596,2.971428571,-0.9,9.514285714,8400,5.385714286,0.814285714,4.142857143,44587,0.728571429,-3.514285714,3,59114,4.542857143,-1.657142857,4.2,3258,2.635714286,-2.585714286,3.6,27317.33333,3.115079365,-1.344444444,6.241269841
2023/5,2023,5,14690,3.1,-0.628571429,3.2,678,1.871428571,-1.442857143,10.8,34315,0.328571429,-2.228571429,6.428571429,34384,1.571428571,-2.071428571,6.171428571,58139,1.871428571,-1.442857143,10.8,9149,3.714285714,-0.042857143,7.485714286,49756,0.671428571,-3.014285714,1.714285714,66365,3.014285714,-1.428571429,11.34285714,3688,1.842857143,-2.221428571,6.528571429,30129.33333,1.998412698,-1.613492063,7.163492063
2023/6,2023,6,9419,4.557142857,-0.771428571,1.714285714,844,3.828571429,-1.571428571,0.285714286,44648,1.414285714,-2.457142857,0.542857143,39352,2.714285714,-1.628571429,0.457142857,51039,3.828571429,-1.571428571,0.285714286,8950,6.642857143,0.671428571,0.142857143,48555,3.214285714,-3.357142857,0.228571429,63478,5.142857143,-2.642857143,0.257142857,3573,4.178571429,-3,0.242857143,29984.22222,3.946825397,-1.814285714,0.461904762
2023/7,2023,7,10343,5.014285714,-0.128571429,2.8,589,3.842857143,-1.628571429,1.942857143,35497,2.214285714,-2.2,0.314285714,39492,3.714285714,-1.8,0.485714286,46314,3.842857143,-1.628571429,1.942857143,8106,7.2,0.342857143,0.742857143,44316,3.014285714,-4.114285714,0.171428571,58267,5.7,-4.628571429,0.514285714,3165,4.357142857,-4.371428571,0.342857143,27343.22222,4.322222222,-2.23968254,1.028571429
2023/8,2023,8,10041,5.8,1.057142857,1.428571429,673,3.871428571,0.257142857,4.228571429,34086,2.871428571,-0.514285714,4.771428571,35667,3.242857143,-0.128571429,4.085714286,46474,3.871428571,0.257142857,4.228571429,7770,7.728571429,2.485714286,3.342857143,42124,3.557142857,-1.071428571,1.142857143,55647,5.571428571,0.2,4.685714286,3090,4.564285714,-0.435714286,2.914285714,26174.66667,4.564285714,0.234126984,3.425396825
2023/9,2023,9,7015,5.257142857,0.142857143,1.685714286,1387,4.857142857,-0.228571429,4.371428571,34067,3.628571429,-1.1,4.742857143,39490,4.285714286,-0.671428571,5.371428571,40587,4.857142857,-0.228571429,4.371428571,7424,8.028571429,2.042857143,2.714285714,39758,4.242857143,-2.114285714,5.142857143,52481,6.585714286,-2.057142857,3.914285714,2884,5.414285714,-2.085714286,4.528571429,25010.33333,5.23968254,-0.7,4.093650794
2023/10,2023,10,7481,1.914285714,-1.928571429,2.828571429,1495,2.1,-2.9,3.571428571,35521,0.8,-3.542857143,1.971428571,43353,2,-3.142857143,1.885714286,37635,2.1,-2.9,3.571428571,7666,6.3,-0.671428571,1.885714286,40626,1.028571429,-4.571428571,1.057142857,54314,4.057142857,-4.5,1.428571429,2901,2.542857143,-4.535714286,1.242857143,25665.77778,2.538095238,-3.188095238,2.16031746
2023/11,2023,11,4999,5.442857143,-0.571428571,6.857142857,2050,4.7,-0.942857143,4.885714286,37115,3.914285714,-1.557142857,4.571428571,42005,3.828571429,-1.285714286,4.142857143,36754,4.7,-0.942857143,4.885714286,7581,6.742857143,0.442857143,3.942857143,40364,3.7,-2.2,3.4,53176,6.814285714,-2.028571429,6.857142857,2949,5.257142857,-2.114285714,5.128571429,25221.44444,5.011111111,-1.244444444,4.963492063
2023/12,2023,12,3680,7.042857143,2.085714286,6.2,906,6.571428571,0.814285714,3.457142857,30944,5.142857143,0.071428571,3.228571429,36988,5.914285714,0.814285714,4.4,33923,6.571428571,0.814285714,3.457142857,6278,9.614285714,2.885714286,2.628571429,34371,4.6,-0.1,3.057142857,45383,7.514285714,-0.171428571,3.657142857,2480,6.057142857,-0.135714286,3.357142857,21661.44444,6.558730159,0.786507937,3.715873016
2023/13,2023,13,1265,8.657142857,-0.214285714,5.6,1069,7.242857143,-0.785714286,3.742857143,22969,8.757142857,0.1,0.228571429,28811,7.257142857,-1.242857143,1.485714286,18840,7.242857143,-0.785714286,3.742857143,4244,10.47142857,1.442857143,0.4,23161,5.9,-5.971428571,0.857142857,30430,9.814285714,-1.928571429,1.485714286,1650,7.857142857,-3.95,1.171428571,14715.44444,8.133333333,-1.481746032,2.079365079
2023/14,2023,14,0,6.542857143,0.385714286,4.628571429,0,6.1,-0.385714286,4.971428571,15149,9.3,1.2,4.114285714,22814,6.385714286,-1.042857143,4.685714286,9166,6.1,-0.385714286,4.971428571,2733,8.5,1.071428571,2.914285714,14628,5.9,-6.3,5.285714286,19256,7.957142857,-2.714285714,7.8,1037,6.928571429,-4.507142857,6.542857143,9420.333333,7.079365079,-1.408730159,5.101587302
2023/15,2023,15,0,10.82857143,5.385714286,4.142857143,0,10.92857143,5.014285714,2.828571429,9148,9.3,1.2,3.485714286,16476,10.38571429,4.485714286,1.8,6355,10.92857143,5.014285714,2.828571429,1865,15.35714286,8.228571429,0.571428571,9901,5.9,-6.3,1.514285714,13110,12.84285714,5.942857143,2.114285714,705,9.371428571,-0.178571429,1.814285714,6395.555556,10.64920635,3.199206349,2.344444444
2024/1,2024,1,1558,1.814285714,-1.5,10.51428571,0,3.657142857,-2.4,8.4,2079,2.114285714,-3.171428571,8.028571429,5511,2.585714286,-2.785714286,6.542857143,5726,3.657142857,-2.4,8.4,990,4.285714286,-0.385714286,10.08571429,5493,1.757142857,-3.271428571,5.571428571,7198,3.657142857,-2.9,15.02857143,392,2.707142857,-3.085714286,10.3,3216.333333,2.915079365,-2.433333333,9.207936508
2024/2,2024,2,1546,1.771428571,-2.757142857,2.457142857,12,2.328571429,-3.342857143,0.371428571,4269,0.457142857,-4.985714286,0,5506,1.257142857,-4.728571429,0.514285714,8215,2.328571429,-3.342857143,0.371428571,1264,5.128571429,-2,0.428571429,6847,-0.7,-6.071428571,0.171428571,9075,2.128571429,-6.385714286,0.771428571,505,0.714285714,-6.228571429,0.471428571,4137.666667,1.712698413,-4.426984127,0.617460317
2024/3,2024,3,1695,3.057142857,-1,1.428571429,106,1.5,-1.971428571,3.657142857,6033,0.585714286,-2.942857143,2.542857143,6501,0.957142857,-2.257142857,2.428571429,11786,1.5,-1.971428571,3.657142857,1686,4.857142857,0.4,0.542857143,9071,0.371428571,-3.557142857,1.942857143,12013,3.142857143,-2.457142857,3.885714286,677,1.757142857,-3.007142857,2.914285714,5507.555556,1.96984127,-2.084920635,2.555555556
2024/4,2024,4,4457,3.157142857,-2,6.428571429,122,2.757142857,-2.742857143,2.6,11558,0.357142857,-4.985714286,2.542857143,19666,1.142857143,-3.914285714,3.057142857,24083,2.757142857,-2.742857143,2.6,3662,4.728571429,-1.514285714,2.8,20186,-0.714285714,-7.8,2.6,26583,3.085714286,-6.657142857,8.057142857,1460,1.185714286,-7.228571429,5.328571429,12419.66667,2.050793651,-4.398412698,4.001587302
2024/5,2024,5,11079,4.057142857,0.757142857,14.68571429,426,2.228571429,-1.114285714,5.457142857,27353,1.757142857,-1.642857143,3.885714286,40093,4.271428571,-1.157142857,0.2,50827,2.228571429,-1.114285714,5.457142857,8563,6.571428571,1.042857143,3.828571429,45827,2.228571429,-2.471428571,1.228571429,60244,4.728571429,-2.414285714,0.542857143,3268,3.478571429,-2.442857143,0.885714286,27520,3.505555556,-1.173015873,4.019047619
2024/6,2024,6,9830,0.442857143,-2.685714286,30.91428571,122,-0.4,-3.885714286,3.114285714,31258,-1.242857143,-5.142857143,3.571428571,46620,-0.3,-4.828571429,6.142857143,53357,-0.4,-3.885714286,3.114285714,8932,1.014285714,-2.3,2.857142857,48866,-1.628571429,-5.285714286,2.342857143,64682,0.585714286,-4.028571429,10.02857143,3602,-0.521428571,-4.657142857,6.185714286,29696.55556,-0.272222222,-4.077777778,7.585714286
2024/7,2024,7,9456,3.314285714,-0.514285714,5.542857143,1403,1.485714286,-2.057142857,9.971428571,36427,-0.114285714,-2.771428571,7.514285714,43349,0.4,-3.114285714,2.571428571,45399,1.485714286,-2.057142857,9.971428571,8530,3.814285714,-0.185714286,10.17142857,46149,0.671428571,-4.157142857,3.485714286,60369,3.6,-1.514285714,11.08571429,3271,2.135714286,-2.835714286,7.285714286,28261.44444,1.865873016,-2.134126984,7.511111111
2024/8,2024,8,8513,4.257142857,-2.057142857,7.8,1596,1.828571429,-3.785714286,2.485714286,24401,-0.271428571,-5.571428571,1.028571429,43812,2.442857143,-2.185714286,0.028571429,49676,1.828571429,-3.785714286,2.485714286,8160,4.085714286,-3.071428571,2.228571429,43752,-0.057142857,-7.542857143,0.657142857,57846,3.257142857,-7.085714286,1.742857143,3164,1.6,-7.314285714,1.2,26768.88889,2.107936508,-4.711111111,2.184126984
2024/9,2024,9,9635,3.942857143,-0.557142857,0.142857143,2097,2.028571429,-1.7,1.171428571,25904,1.371428571,-3.385714286,0.971428571,49697,1.614285714,-1.985714286,0.685714286,49587,2.028571429,-1.7,1.171428571,8533,5.457142857,0.542857143,0.057142857,46790,2.342857143,-4.371428571,0,62142,4.728571429,-4.457142857,0,3457,3.535714286,-4.414285714,0,28649.11111,3.005555556,-2.447619048,0.466666667
2024/10,2024,10,8121,8.885714286,3.185714286,0.628571429,1632,6.128571429,2.271428571,1.742857143,25139,4.857142857,1.371428571,4.685714286,38756,5.414285714,1.171428571,2.171428571,50031,6.128571429,2.271428571,1.742857143,7668,9.914285714,4.157142857,3.2,41927,4.328571429,-0.842857143,2.514285714,55118,7.771428571,-0.114285714,2.314285714,3084,6.05,-0.478571429,2.414285714,25719.55556,6.608730159,1.443650794,2.379365079
2024/11,2024,11,5977,6.157142857,1.385714286,3.742857143,1416,4.885714286,0.828571429,6.314285714,24260,3.471428571,-0.057142857,7.285714286,38541,3.828571429,0.342857143,4.971428571,43387,4.885714286,0.828571429,6.314285714,6859,8.6,2.628571429,3.2,37608,3.5,-0.7,4.257142857,49136,6.3,0.085714286,4.2,2667,4.9,-0.307142857,4.228571429,23316.77778,5.16984127,0.55952381,4.946031746
2024/12,2024,12,3597,5.428571429,0.928571429,3.371428571,701,4.257142857,0.157142857,6.228571429,19289,2.871428571,-0.614285714,14.71428571,42101,3.214285714,-0.157142857,10.71428571,36668,4.257142857,0.157142857,6.228571429,5969,7.242857143,1.928571429,3.885714286,33208,2.5,-1.171428571,9.914285714,43382,4.585714286,0.671428571,13.25714286,2392,3.542857143,-0.25,11.58571429,20811.88889,4.211111111,0.183333333,8.877777778
2024/13,2024,13,1500,7.142857143,-0.1,7.228571429,213,6.1,-0.671428571,6.342857143,14487,4.714285714,-1.357142857,5.171428571,25252,5.771428571,-0.514285714,5.657142857,15415,6.1,-0.671428571,6.342857143,3351,8.971428571,2.085714286,2.685714286,18120,4.614285714,-0.7,3.371428571,23908,7.985714286,0.671428571,5.857142857,1323,6.3,-0.014285714,4.614285714,11507.66667,6.411111111,-0.141269841,5.252380952
2024/14,2024,14,0,5.628571429,0.528571429,6.542857143,0,5.728571429,-0.571428571,3.771428571,2700,4.628571429,-1,4.228571429,17137,5.9,-0.585714286,3.171428571,0,5.728571429,-0.571428571,3.771428571,1177,8.728571429,2.142857143,3.457142857,6270,5.857142857,-1.242857143,1.628571429,8244,8.971428571,-0.728571429,0.771428571,454,7.414285714,-0.985714286,1.2,3998,6.50952381,-0.334920635,3.171428571
2024/15,2024,15,0,2.085714286,-2.028571429,13.22857143,0,2.071428571,-3.185714286,5.057142857,0,1.671428571,-4.128571429,4.342857143,12950,2.642857143,-3.614285714,4.714285714,0,2.071428571,-3.185714286,5.057142857,745,5.985714286,-0.842857143,3.314285714,4103,0.871428571,-4.257142857,2.285714286,5336,4.014285714,-2.957142857,5.085714286,294,2.442857143,-3.607142857,3.685714286,2603.111111,2.650793651,-3.08968254,5.196825397
